<?xml version="1.0" encoding="UTF-8"?><!--This file was generated by the ALFA Plugin for Eclipse from Axiomatics AB (http://www.axiomatics.com).--><!--Any modification to this file will be lost upon recompilation of the source ALFA file--><xacml3:PolicySet PolicyCombiningAlgId="urn:oasis:names:tc:xacml:3.0:policy-combining-algorithm:deny-overrides" PolicySetId="http://axiomatics.com/alfa/identifier/health.HealthCarePsPatientRecord" Version="1.0" xmlns:xacml3="urn:oasis:names:tc:xacml:3.0:core:schema:wd-17"><xacml3:Description/><xacml3:PolicySetDefaults><xacml3:XPathVersion>http://www.w3.org/TR/1999/REC-xpath-19991116</xacml3:XPathVersion></xacml3:PolicySetDefaults><xacml3:Target><xacml3:AnyOf><xacml3:AllOf><xacml3:Match MatchId="urn:oasis:names:tc:xacml:1.0:function:string-equal"><xacml3:AttributeValue DataType="http://www.w3.org/2001/XMLSchema#string">Patient.Record</xacml3:AttributeValue><xacml3:AttributeDesignator AttributeId="resource-type" Category="urn:oasis:names:tc:xacml:3.0:attribute-category:resource" DataType="http://www.w3.org/2001/XMLSchema#string" MustBePresent="false"/></xacml3:Match><xacml3:Match MatchId="urn:oasis:names:tc:xacml:1.0:function:string-equal"><xacml3:AttributeValue DataType="http://www.w3.org/2001/XMLSchema#string">Read</xacml3:AttributeValue><xacml3:AttributeDesignator AttributeId="action-type" Category="urn:oasis:names:tc:xacml:3.0:attribute-category:action" DataType="http://www.w3.org/2001/XMLSchema#string" MustBePresent="false"/></xacml3:Match></xacml3:AllOf></xacml3:AnyOf></xacml3:Target><xacml3:Policy PolicyId="http://axiomatics.com/alfa/identifier/health.HealthCarePsPatientRecord.NormalAccessDoctor" RuleCombiningAlgId="urn:oasis:names:tc:xacml:3.0:rule-combining-algorithm:deny-overrides" Version="1.0"><xacml3:Description/><xacml3:PolicyDefaults><xacml3:XPathVersion>http://www.w3.org/TR/1999/REC-xpath-19991116</xacml3:XPathVersion></xacml3:PolicyDefaults><xacml3:Target><xacml3:AnyOf><xacml3:AllOf><xacml3:Match MatchId="urn:oasis:names:tc:xacml:1.0:function:string-equal"><xacml3:AttributeValue DataType="http://www.w3.org/2001/XMLSchema#string">AvailableNurseDoctor</xacml3:AttributeValue><xacml3:AttributeDesignator AttributeId="patient:management-info:status" Category="urn:oasis:names:tc:xacml:3.0:attribute-category:resource" DataType="http://www.w3.org/2001/XMLSchema#string" MustBePresent="false"/></xacml3:Match></xacml3:AllOf></xacml3:AnyOf><xacml3:AnyOf><xacml3:AllOf><xacml3:Match MatchId="urn:oasis:names:tc:xacml:1.0:function:string-equal"><xacml3:AttributeValue DataType="http://www.w3.org/2001/XMLSchema#string">Doctor</xacml3:AttributeValue><xacml3:AttributeDesignator AttributeId="role" Category="urn:oasis:names:tc:xacml:1.0:subject-category:access-subject" DataType="http://www.w3.org/2001/XMLSchema#string" MustBePresent="false"/></xacml3:Match></xacml3:AllOf><xacml3:AllOf><xacml3:Match MatchId="urn:oasis:names:tc:xacml:1.0:function:string-equal"><xacml3:AttributeValue DataType="http://www.w3.org/2001/XMLSchema#string">Nurse</xacml3:AttributeValue><xacml3:AttributeDesignator AttributeId="role" Category="urn:oasis:names:tc:xacml:1.0:subject-category:access-subject" DataType="http://www.w3.org/2001/XMLSchema#string" MustBePresent="false"/></xacml3:Match></xacml3:AllOf></xacml3:AnyOf></xacml3:Target><xacml3:Rule Effect="Deny" RuleId="health.HealthCarePsPatientRecord.NormalAccessDoctor.permitPatientAssignedDoctor"><xacml3:Description/><xacml3:Target><xacml3:AnyOf><xacml3:AllOf><xacml3:Match MatchId="urn:oasis:names:tc:xacml:1.0:function:string-equal"><xacml3:AttributeValue DataType="http://www.w3.org/2001/XMLSchema#string">Doctor</xacml3:AttributeValue><xacml3:AttributeDesignator AttributeId="role" Category="urn:oasis:names:tc:xacml:1.0:subject-category:access-subject" DataType="http://www.w3.org/2001/XMLSchema#string" MustBePresent="false"/></xacml3:Match></xacml3:AllOf></xacml3:AnyOf></xacml3:Target><xacml3:Condition><xacml3:Apply FunctionId="urn:oasis:names:tc:xacml:1.0:function:not"><xacml3:Apply FunctionId="urn:oasis:names:tc:xacml:1.0:function:string-equal"><xacml3:Apply FunctionId="urn:oasis:names:tc:xacml:1.0:function:string-one-and-only"><xacml3:AttributeDesignator AttributeId="user-id" Category="urn:oasis:names:tc:xacml:1.0:subject-category:access-subject" DataType="http://www.w3.org/2001/XMLSchema#string" MustBePresent="false"/></xacml3:Apply><xacml3:Apply FunctionId="urn:oasis:names:tc:xacml:1.0:function:string-one-and-only"><xacml3:AttributeDesignator AttributeId="patient:record:assigned-doctor-id" Category="urn:oasis:names:tc:xacml:3.0:attribute-category:resource" DataType="http://www.w3.org/2001/XMLSchema#string" MustBePresent="false"/></xacml3:Apply></xacml3:Apply></xacml3:Apply></xacml3:Condition></xacml3:Rule><xacml3:Rule Effect="Deny" RuleId="health.HealthCarePsPatientRecord.NormalAccessDoctor.permitPatientAssignedNurse"><xacml3:Description/><xacml3:Target><xacml3:AnyOf><xacml3:AllOf><xacml3:Match MatchId="urn:oasis:names:tc:xacml:1.0:function:string-equal"><xacml3:AttributeValue DataType="http://www.w3.org/2001/XMLSchema#string">Nurse</xacml3:AttributeValue><xacml3:AttributeDesignator AttributeId="role" Category="urn:oasis:names:tc:xacml:1.0:subject-category:access-subject" DataType="http://www.w3.org/2001/XMLSchema#string" MustBePresent="false"/></xacml3:Match></xacml3:AllOf></xacml3:AnyOf></xacml3:Target><xacml3:Condition><xacml3:Apply FunctionId="urn:oasis:names:tc:xacml:1.0:function:not"><xacml3:Apply FunctionId="urn:oasis:names:tc:xacml:1.0:function:string-equal"><xacml3:Apply FunctionId="urn:oasis:names:tc:xacml:1.0:function:string-one-and-only"><xacml3:AttributeDesignator AttributeId="user-id" Category="urn:oasis:names:tc:xacml:1.0:subject-category:access-subject" DataType="http://www.w3.org/2001/XMLSchema#string" MustBePresent="false"/></xacml3:Apply><xacml3:Apply FunctionId="urn:oasis:names:tc:xacml:1.0:function:string-one-and-only"><xacml3:AttributeDesignator AttributeId="patient:record:assigned-nurse-id" Category="urn:oasis:names:tc:xacml:3.0:attribute-category:resource" DataType="http://www.w3.org/2001/XMLSchema#string" MustBePresent="false"/></xacml3:Apply></xacml3:Apply></xacml3:Apply></xacml3:Condition></xacml3:Rule><xacml3:Rule Effect="Permit" RuleId="health.HealthCarePsPatientRecord.NormalAccessDoctor.permitRule"><xacml3:Description/><xacml3:Target/></xacml3:Rule></xacml3:Policy></xacml3:PolicySet>