<?xml version="1.0" encoding="UTF-8"?><!--This file was generated by the ALFA Plugin for Eclipse from Axiomatics AB (http://www.axiomatics.com).--><!--Any modification to this file will be lost upon recompilation of the source ALFA file--><xacml3:PolicySet PolicyCombiningAlgId="urn:oasis:names:tc:xacml:3.0:policy-combining-algorithm:deny-overrides" PolicySetId="http://axiomatics.com/alfa/identifier/health.quanLy" Version="1.0" xmlns:xacml3="urn:oasis:names:tc:xacml:3.0:core:schema:wd-17"><xacml3:Description/><xacml3:PolicySetDefaults><xacml3:XPathVersion>http://www.w3.org/TR/1999/REC-xpath-19991116</xacml3:XPathVersion></xacml3:PolicySetDefaults><xacml3:Target><xacml3:AnyOf><xacml3:AllOf><xacml3:Match MatchId="urn:oasis:names:tc:xacml:1.0:function:string-equal"><xacml3:AttributeValue DataType="http://www.w3.org/2001/XMLSchema#string">paper-review-info_rc</xacml3:AttributeValue><xacml3:AttributeDesignator AttributeId="urn:oasis:names:tc:xacml:1.0:resource:resource-id" Category="urn:oasis:names:tc:xacml:1.0:subject-category:access-subject" DataType="http://www.w3.org/2001/XMLSchema#string" MustBePresent="false"/></xacml3:Match></xacml3:AllOf></xacml3:AnyOf></xacml3:Target><xacml3:Policy PolicyId="http://axiomatics.com/alfa/identifier/health.quanLy.paperReview" RuleCombiningAlgId="urn:oasis:names:tc:xacml:3.0:rule-combining-algorithm:deny-overrides" Version="1.0"><xacml3:Description/><xacml3:PolicyDefaults><xacml3:XPathVersion>http://www.w3.org/TR/1999/REC-xpath-19991116</xacml3:XPathVersion></xacml3:PolicyDefaults><xacml3:Target><xacml3:AnyOf><xacml3:AllOf><xacml3:Match MatchId="urn:oasis:names:tc:xacml:1.0:function:string-equal"><xacml3:AttributeValue DataType="http://www.w3.org/2001/XMLSchema#string">pc-chair</xacml3:AttributeValue><xacml3:AttributeDesignator AttributeId="role" Category="urn:oasis:names:tc:xacml:1.0:subject-category:access-subject" DataType="http://www.w3.org/2001/XMLSchema#string" MustBePresent="false"/></xacml3:Match></xacml3:AllOf></xacml3:AnyOf></xacml3:Target><xacml3:Rule Effect="Permit" RuleId="health.quanLy.paperReview.pernitRule"><xacml3:Description/><xacml3:Target/></xacml3:Rule></xacml3:Policy></xacml3:PolicySet>