<?xml version="1.0" encoding="UTF-8"?>
<xacml3:PolicySet xmlns:xacml3="urn:oasis:names:tc:xacml:3.0:core:schema:wd-17"  PolicyCombiningAlgId="urn:oasis:names:tc:xacml:1.0:policy-combining-algorithm:first-applicable" PolicySetId="health-care-policy-set" Version="1.0"><xacml3:Target/>
  <!--This file was generated by the ALFA Plugin for Eclipse from Axiomatics AB (http://www.axiomatics.com). 
 Any modification to this file will be lost upon recompilation of the source ALFA file-->
<xacml3:Policy xmlns:xacml3="urn:oasis:names:tc:xacml:3.0:core:schema:wd-17"
    PolicyId="http://axiomatics.com/alfa/identifier/health_care.P2_NormalAccessInsurance"
    RuleCombiningAlgId="urn:oasis:names:tc:xacml:3.0:rule-combining-algorithm:deny-overrides"
    Version="1.0">
    <xacml3:Description />
    <xacml3:PolicyDefaults>
        <xacml3:XPathVersion>http://www.w3.org/TR/1999/REC-xpath-19991116</xacml3:XPathVersion>
    </xacml3:PolicyDefaults>
    <xacml3:Target>
        <xacml3:AnyOf>
            <xacml3:AllOf>
                <xacml3:Match MatchId="urn:oasis:names:tc:xacml:1.0:function:string-equal">
                    <xacml3:AttributeValue
                        DataType="http://www.w3.org/2001/XMLSchema#string">External</xacml3:AttributeValue>
                    <xacml3:AttributeDesignator 
                        AttributeId="role"
                        DataType="http://www.w3.org/2001/XMLSchema#string"
                        Category="urn:oasis:names:tc:xacml:1.0:subject-category:access-subject"
                        MustBePresent="false"
                    />
                </xacml3:Match>
                <xacml3:Match MatchId="urn:oasis:names:tc:xacml:1.0:function:string-equal">
                    <xacml3:AttributeValue
                        DataType="http://www.w3.org/2001/XMLSchema#string">Read</xacml3:AttributeValue>
                    <xacml3:AttributeDesignator 
                        AttributeId="action-type"
                        DataType="http://www.w3.org/2001/XMLSchema#string"
                        Category="urn:oasis:names:tc:xacml:3.0:attribute-category:action"
                        MustBePresent="false"
                    />
                </xacml3:Match>
            </xacml3:AllOf>
        </xacml3:AnyOf>
    </xacml3:Target>
    <xacml3:Rule 
            Effect="Deny"
            RuleId="http://axiomatics.com/alfa/identifier/health_care.P2_NormalAccessInsurance.permitbilling">
        <xacml3:Description />
        <xacml3:Target />
        <xacml3:Condition>
            <xacml3:Apply FunctionId="urn:oasis:names:tc:xacml:1.0:function:not" >
                <xacml3:Apply FunctionId="urn:oasis:names:tc:xacml:1.0:function:string-equal">
                    <xacml3:Apply FunctionId="urn:oasis:names:tc:xacml:1.0:function:string-one-and-only" >
                        <xacml3:AttributeDesignator 
                            AttributeId="resource-type"
                            DataType="http://www.w3.org/2001/XMLSchema#string"
                            Category="urn:oasis:names:tc:xacml:3.0:attribute-category:resource"
                            MustBePresent="false"
                        />
                    </xacml3:Apply>
                    <xacml3:AttributeValue
                        DataType="http://www.w3.org/2001/XMLSchema#string">Patient.Record.Billing</xacml3:AttributeValue>
                </xacml3:Apply>
            </xacml3:Apply>
        </xacml3:Condition>
    </xacml3:Rule>
    <xacml3:Rule 
            Effect="Permit"
            RuleId="http://axiomatics.com/alfa/identifier/health_care.P2_NormalAccessInsurance.permit_rule">
        <xacml3:Description />
        <xacml3:Target />
    </xacml3:Rule>
</xacml3:Policy>
 
</xacml3:PolicySet>