<PolicySet xmlns="urn:oasis:names:tc:xacml:3.0:core:schema:wd-17"  PolicyCombiningAlgId="urn:oasis:names:tc:xacml:1.0:policy-combining-algorithm:first-applicable" PolicySetId="sample-kmarket-policy-set" Version="1.0">
   <Description>
	This is sample-kmarket-policy-set policy set. You need to promote this
	policy to PDP policy store to try out. Also make sure policy reference
	ids could be retrieve via the policy finder module that has been
	configured. If default policy finder module is used, there reference
	policy must be stored in PAP policy store as active policies. You need
	a PIP attribute finder module to retrieve some attributes that are
	defined in policy. Sample PIP attribute finder module and sample
	requests to try this policy, can be found at here [1]
	https://svn.wso2.org/repos/wso2/carbon/platform/branches/4.0.0/components/identity/org.wso2.carbon.identity.samples.entitlement.pip
	This is same sample that is available with Balana with few
	modifications [2]
	https://svn.wso2.org/repos/wso2/trunk/commons/balana/modules/balana-samples/kmarket-trading-sample</Description>
   <Target></Target>
<Policy xmlns="urn:oasis:names:tc:xacml:3.0:core:schema:wd-17" PolicyId="sample-kmarket-sliver-policy"
 RuleCombiningAlgId="urn:oasis:names:tc:xacml:3.0:rule-combining-algorithm:deny-overrides" Version="1.0">
  <Description>This is a reference policy for sample-kmarket-policy-set policy set. If default policy finder module is used,
   this reference policy must be stored in PAP policy store as active policy.</Description>
   <Target>
      <AnyOf>
         <AllOf>
            <Match MatchId="urn:oasis:names:tc:xacml:1.0:function:string-equal">
               <AttributeValue DataType="http://www.w3.org/2001/XMLSchema#string">kmarket-silver</AttributeValue>
               <AttributeDesignator AttributeId="http://kmarket.com/id/role" Category="urn:oasis:names:tc:xacml:1.0:subject-category:access-subject" DataType="http://www.w3.org/2001/XMLSchema#string" MustBePresent="true"/>
            </Match>
         </AllOf>
      </AnyOf>
   </Target>
   <Rule Effect="Deny" RuleId="total-amount">
      <Condition>
         <Apply FunctionId="urn:oasis:names:tc:xacml:1.0:function:integer-greater-than">
            <Apply FunctionId="urn:oasis:names:tc:xacml:1.0:function:integer-one-and-only">
               <AttributeDesignator AttributeId="http://kmarket.com/id/totalAmount" Category="http://kmarket.com/category" DataType="http://www.w3.org/2001/XMLSchema#integer" MustBePresent="true"/>
            </Apply>
            <AttributeValue DataType="http://www.w3.org/2001/XMLSchema#integer">500</AttributeValue>
         </Apply>
      </Condition>
    <AdviceExpressions>
    <AdviceExpression AdviceId="deny-liquor-medicine-advice" AppliesTo="Deny">
    <AttributeAssignmentExpression AttributeId="urn:oasis:names:tc:xacml:2.0:example:attribute:text">
	<AttributeValue DataType="http://www.w3.org/2001/XMLSchema#string">You are not allowed to do more than $200 purchase
    from KMarket on-line trading system</AttributeValue>
	</AttributeAssignmentExpression>
    </AdviceExpression>
    </AdviceExpressions>
   </Rule>
   <Rule Effect="Deny" RuleId="deny-liquor">
   <Target>
      <AnyOf>
         <AllOf>
            <Match MatchId="urn:oasis:names:tc:xacml:1.0:function:string-equal">
               <AttributeValue DataType="http://www.w3.org/2001/XMLSchema#string">Liquor</AttributeValue>
               <AttributeDesignator AttributeId="urn:oasis:names:tc:xacml:1.0:resource:resource-id" Category="urn:oasis:names:tc:xacml:3.0:attribute-category:resource" DataType="http://www.w3.org/2001/XMLSchema#string" MustBePresent="true"/>
            </Match>
         </AllOf>
      </AnyOf>
   </Target>
  <AdviceExpressions>
    <AdviceExpression AdviceId="deny-liquor-medicine-advice" AppliesTo="Deny">
    <AttributeAssignmentExpression AttributeId="urn:oasis:names:tc:xacml:2.0:example:attribute:text">
	<AttributeValue DataType="http://www.w3.org/2001/XMLSchema#string">You are not allowed to buy Liquor
    from KMarket on-line trading system</AttributeValue>
	</AttributeAssignmentExpression>
    </AdviceExpression>
    </AdviceExpressions>
   </Rule>
   <Rule Effect="Deny" RuleId="max-drink-amount">
   <Target>
      <AnyOf>
         <AllOf>
            <Match MatchId="urn:oasis:names:tc:xacml:1.0:function:string-equal">
               <AttributeValue DataType="http://www.w3.org/2001/XMLSchema#string">Drink</AttributeValue>
               <AttributeDesignator AttributeId="urn:oasis:names:tc:xacml:1.0:resource:resource-id" Category="urn:oasis:names:tc:xacml:3.0:attribute-category:resource" DataType="http://www.w3.org/2001/XMLSchema#string" MustBePresent="true"/>
            </Match>
         </AllOf>
      </AnyOf>
   </Target>
      <Condition>
         <Apply FunctionId="urn:oasis:names:tc:xacml:1.0:function:integer-greater-than">
            <Apply FunctionId="urn:oasis:names:tc:xacml:1.0:function:integer-one-and-only">
               <AttributeDesignator AttributeId="http://kmarket.com/id/amount" Category="http://kmarket.com/category" DataType="http://www.w3.org/2001/XMLSchema#integer" MustBePresent="true"/>
            </Apply>
            <AttributeValue DataType="http://www.w3.org/2001/XMLSchema#integer">50</AttributeValue>
         </Apply>
      </Condition>
    <AdviceExpressions>
    <AdviceExpression AdviceId="max-drink-amount-advice" AppliesTo="Deny">
    <AttributeAssignmentExpression AttributeId="urn:oasis:names:tc:xacml:2.0:example:attribute:text">
	<AttributeValue DataType="http://www.w3.org/2001/XMLSchema#string">You are not allowed to buy more than 50 Drinks
    from KMarket on-line trading system</AttributeValue>
	</AttributeAssignmentExpression>
    </AdviceExpression>
    </AdviceExpressions>
   </Rule>
   <Rule Effect="Deny" RuleId="max-medicine-amount">
   <Target>
      <AnyOf>
         <AllOf>
            <Match MatchId="urn:oasis:names:tc:xacml:1.0:function:string-equal">
               <AttributeValue DataType="http://www.w3.org/2001/XMLSchema#string">Medicine</AttributeValue>
               <AttributeDesignator AttributeId="urn:oasis:names:tc:xacml:1.0:resource:resource-id" Category="urn:oasis:names:tc:xacml:3.0:attribute-category:resource" DataType="http://www.w3.org/2001/XMLSchema#string" MustBePresent="true"/>
            </Match>
         </AllOf>
      </AnyOf>
   </Target>
      <Condition>
         <Apply FunctionId="urn:oasis:names:tc:xacml:1.0:function:integer-greater-than">
            <Apply FunctionId="urn:oasis:names:tc:xacml:1.0:function:integer-one-and-only">
               <AttributeDesignator AttributeId="http://kmarket.com/id/amount" Category="http://kmarket.com/category" DataType="http://www.w3.org/2001/XMLSchema#integer" MustBePresent="true"/>
            </Apply>
            <AttributeValue DataType="http://www.w3.org/2001/XMLSchema#integer">5</AttributeValue>
         </Apply>
      </Condition>
    <AdviceExpressions>
    <AdviceExpression AdviceId="max-drink-amount-advice" AppliesTo="Deny">
    <AttributeAssignmentExpression AttributeId="urn:oasis:names:tc:xacml:2.0:example:attribute:text">
	<AttributeValue DataType="http://www.w3.org/2001/XMLSchema#string">You are not allowed to buy more than 5 Medicine
    from KMarket on-line trading system</AttributeValue>
	</AttributeAssignmentExpression>
    </AdviceExpression>
    </AdviceExpressions>
   </Rule>
    <Rule RuleId="permit-rule" Effect="Permit"/>
    <ObligationExpressions>
    <ObligationExpression ObligationId="check-out-obligation" FulfillOn="Permit">
    <AttributeAssignmentExpression AttributeId="urn:oasis:names:tc:xacml:2.0:example:attribute:text">
	<AttributeValue DataType="http://www.w3.org/2001/XMLSchema#string">Proceed to Check Out</AttributeValue>
	</AttributeAssignmentExpression>
    </ObligationExpression>
    </ObligationExpressions> 
</Policy>
<Policy xmlns="urn:oasis:names:tc:xacml:3.0:core:schema:wd-17"
 PolicyId="sample-kmarket-gold-policy" RuleCombiningAlgId="urn:oasis:names:tc:xacml:3.0:rule-combining-algorithm:deny-overrides" Version="1.0">
  <Description>This is a reference policy for sample-kmarket-policy-set policy set. If default policy finder module is used, this reference policy must be stored in PAP policy store as active policy.</Description>
   <Target>
      <AnyOf>
         <AllOf>
            <Match MatchId="urn:oasis:names:tc:xacml:1.0:function:string-equal">
               <AttributeValue DataType="http://www.w3.org/2001/XMLSchema#string">kmarket-gold</AttributeValue>
               <AttributeDesignator AttributeId="http://kmarket.com/id/role" Category="urn:oasis:names:tc:xacml:1.0:subject-category:access-subject" DataType="http://www.w3.org/2001/XMLSchema#string" MustBePresent="true"/>
            </Match>
         </AllOf>
      </AnyOf>
   </Target>
   <Rule Effect="Deny" RuleId="total-amount">
      <Condition>
         <Apply FunctionId="urn:oasis:names:tc:xacml:1.0:function:integer-greater-than">
            <Apply FunctionId="urn:oasis:names:tc:xacml:1.0:function:integer-one-and-only">
               <AttributeDesignator AttributeId="http://kmarket.com/id/totalAmount" Category="http://kmarket.com/category" DataType="http://www.w3.org/2001/XMLSchema#integer" MustBePresent="true"/>
            </Apply>
            <AttributeValue DataType="http://www.w3.org/2001/XMLSchema#integer">1000</AttributeValue>
         </Apply>
      </Condition>
    <AdviceExpressions>
    <AdviceExpression AdviceId="deny-liquor-medicine-advice" AppliesTo="Deny">
    <AttributeAssignmentExpression AttributeId="urn:oasis:names:tc:xacml:2.0:example:attribute:text">
	<AttributeValue DataType="http://www.w3.org/2001/XMLSchema#string">You are not allowed to do more than $1000 purchase
    from KMarket on-line trading system</AttributeValue>
	</AttributeAssignmentExpression>
    </AdviceExpression>
    </AdviceExpressions>
   </Rule>
   <Rule Effect="Deny" RuleId="max-liquor-amount">
   <Target>
      <AnyOf>
         <AllOf>
            <Match MatchId="urn:oasis:names:tc:xacml:1.0:function:string-equal">
               <AttributeValue DataType="http://www.w3.org/2001/XMLSchema#string">Liquor</AttributeValue>
               <AttributeDesignator AttributeId="urn:oasis:names:tc:xacml:1.0:resource:resource-id" Category="urn:oasis:names:tc:xacml:3.0:attribute-category:resource" DataType="http://www.w3.org/2001/XMLSchema#string" MustBePresent="true"/>
            </Match>
         </AllOf>
      </AnyOf>
   </Target>
      <Condition>
         <Apply FunctionId="urn:oasis:names:tc:xacml:1.0:function:integer-greater-than">
            <Apply FunctionId="urn:oasis:names:tc:xacml:1.0:function:integer-one-and-only">
               <AttributeDesignator AttributeId="http://kmarket.com/id/amount" Category="http://kmarket.com/category" DataType="http://www.w3.org/2001/XMLSchema#integer" MustBePresent="true"/>
            </Apply>
            <AttributeValue DataType="http://www.w3.org/2001/XMLSchema#integer">10</AttributeValue>
         </Apply>
      </Condition>
    <AdviceExpressions>
    <AdviceExpression AdviceId="max-drink-amount-advice" AppliesTo="Deny">
    <AttributeAssignmentExpression AttributeId="urn:oasis:names:tc:xacml:2.0:example:attribute:text">
	<AttributeValue DataType="http://www.w3.org/2001/XMLSchema#string">You are not allowed to buy more than 10 Liquor
    from KMarket on-line trading system</AttributeValue>
	</AttributeAssignmentExpression>
    </AdviceExpression>
    </AdviceExpressions>       
   </Rule>
    <Rule RuleId="permit-rule" Effect="Permit"/>
    <ObligationExpressions>
    <ObligationExpression ObligationId="check-out-obligation" FulfillOn="Permit">
    <AttributeAssignmentExpression AttributeId="urn:oasis:names:tc:xacml:2.0:example:attribute:text">
	<AttributeValue DataType="http://www.w3.org/2001/XMLSchema#string">Proceed to Check Out</AttributeValue>
	</AttributeAssignmentExpression>
    </ObligationExpression>
    </ObligationExpressions> 
</Policy>
<Policy xmlns="urn:oasis:names:tc:xacml:3.0:core:schema:wd-17" 
PolicyId="sample-kmarket-blue-policy" RuleCombiningAlgId="urn:oasis:names:tc:xacml:3.0:rule-combining-algorithm:deny-overrides" Version="1.0">
  <Description>This is a reference policy for sample-kmarket-policy-set policy set. If default policy finder module is used, this reference policy must be stored in PAP policy store as active policy.</Description>
   <Target>
      <AnyOf>
         <AllOf>
            <Match MatchId="urn:oasis:names:tc:xacml:1.0:function:string-equal">
               <AttributeValue DataType="http://www.w3.org/2001/XMLSchema#string">kmarket-blue</AttributeValue>
               <AttributeDesignator AttributeId="http://kmarket.com/id/role" Category="urn:oasis:names:tc:xacml:1.0:subject-category:access-subject" DataType="http://www.w3.org/2001/XMLSchema#string" MustBePresent="true"/>
            </Match>
         </AllOf>
      </AnyOf>
   </Target>
   <Rule Effect="Deny" RuleId="total-amount">
      <Condition>
         <Apply FunctionId="urn:oasis:names:tc:xacml:1.0:function:integer-greater-than">
            <Apply FunctionId="urn:oasis:names:tc:xacml:1.0:function:integer-one-and-only">
               <AttributeDesignator AttributeId="http://kmarket.com/id/totalAmount" Category="http://kmarket.com/category" DataType="http://www.w3.org/2001/XMLSchema#integer" MustBePresent="true"/>
            </Apply>
            <AttributeValue DataType="http://www.w3.org/2001/XMLSchema#integer">100</AttributeValue>
         </Apply>
      </Condition>
    <AdviceExpressions>
    <AdviceExpression AdviceId="deny-liquor-medicine-advice" AppliesTo="Deny">
    <AttributeAssignmentExpression AttributeId="urn:oasis:names:tc:xacml:2.0:example:attribute:text">
	<AttributeValue DataType="http://www.w3.org/2001/XMLSchema#string">You are not allowed to do more than $100 purchase
    from KMarket on-line trading system</AttributeValue>
	</AttributeAssignmentExpression>
    </AdviceExpression>
    </AdviceExpressions>
   </Rule>
   <Rule Effect="Deny" RuleId="deny-liquor-medicine">
   <Target>
      <AnyOf>
         <AllOf>
            <Match MatchId="urn:oasis:names:tc:xacml:1.0:function:string-equal">
               <AttributeValue DataType="http://www.w3.org/2001/XMLSchema#string">Liquor</AttributeValue>
               <AttributeDesignator AttributeId="urn:oasis:names:tc:xacml:1.0:resource:resource-id" Category="urn:oasis:names:tc:xacml:3.0:attribute-category:resource" DataType="http://www.w3.org/2001/XMLSchema#string" MustBePresent="true"/>
            </Match>
         </AllOf>
         <AllOf>
            <Match MatchId="urn:oasis:names:tc:xacml:1.0:function:string-equal">
               <AttributeValue DataType="http://www.w3.org/2001/XMLSchema#string">Medicine</AttributeValue>
               <AttributeDesignator AttributeId="urn:oasis:names:tc:xacml:1.0:resource:resource-id" Category="urn:oasis:names:tc:xacml:3.0:attribute-category:resource" DataType="http://www.w3.org/2001/XMLSchema#string" MustBePresent="true"/>
            </Match>
         </AllOf>
      </AnyOf>
   </Target>
  <AdviceExpressions>
    <AdviceExpression AdviceId="deny-liquor-medicine-advice" AppliesTo="Deny">
    <AttributeAssignmentExpression AttributeId="urn:oasis:names:tc:xacml:2.0:example:attribute:text">
	<AttributeValue DataType="http://www.w3.org/2001/XMLSchema#string">You are not allowed to buy Liquor or Medicine
    from KMarket on-line trading system</AttributeValue>
	</AttributeAssignmentExpression>
    </AdviceExpression>
    </AdviceExpressions>
   </Rule>
   <Rule Effect="Deny" RuleId="max-drink-amount">
   <Target>
      <AnyOf>
         <AllOf>
            <Match MatchId="urn:oasis:names:tc:xacml:1.0:function:string-equal">
               <AttributeValue DataType="http://www.w3.org/2001/XMLSchema#string">Drink</AttributeValue>
               <AttributeDesignator AttributeId="urn:oasis:names:tc:xacml:1.0:resource:resource-id" Category="urn:oasis:names:tc:xacml:3.0:attribute-category:resource" DataType="http://www.w3.org/2001/XMLSchema#string" MustBePresent="true"/>
            </Match>
         </AllOf>
      </AnyOf>
   </Target>
      <Condition>
         <Apply FunctionId="urn:oasis:names:tc:xacml:1.0:function:integer-greater-than">
            <Apply FunctionId="urn:oasis:names:tc:xacml:1.0:function:integer-one-and-only">
               <AttributeDesignator AttributeId="http://kmarket.com/id/amount" Category="http://kmarket.com/category" DataType="http://www.w3.org/2001/XMLSchema#integer" MustBePresent="true"/>
            </Apply>
            <AttributeValue DataType="http://www.w3.org/2001/XMLSchema#integer">10</AttributeValue>
         </Apply>
      </Condition>
    <AdviceExpressions>
    <AdviceExpression AdviceId="max-drink-amount-advice" AppliesTo="Deny">
    <AttributeAssignmentExpression AttributeId="urn:oasis:names:tc:xacml:2.0:example:attribute:text">
	<AttributeValue DataType="http://www.w3.org/2001/XMLSchema#string">You are not allowed to buy more than 10 Drinks
    from KMarket on-line trading system</AttributeValue>
	</AttributeAssignmentExpression>
    </AdviceExpression>
    </AdviceExpressions>
   </Rule>
    <Rule RuleId="permit-rule" Effect="Permit"/>  
    <ObligationExpressions>
    <ObligationExpression ObligationId="check-out-obligation" FulfillOn="Permit">
    <AttributeAssignmentExpression AttributeId="urn:oasis:names:tc:xacml:2.0:example:attribute:text">
	<AttributeValue DataType="http://www.w3.org/2001/XMLSchema#string">Proceed to Check Out</AttributeValue>
	</AttributeAssignmentExpression>
    </ObligationExpression>
    </ObligationExpressions>  
</Policy>
</PolicySet> 