<?xml version="1.0" encoding="UTF-8"?><!--This file was generated by the 
	ALFA Plugin for Eclipse from Axiomatics AB (http://www.axiomatics.com). --><!--Any modification to this file will 
	be lost upon recompilation of the source ALFA file -->
<xacml3:PolicySet
	PolicyCombiningAlgId="urn:oasis:names:tc:xacml:1.0:policy-combining-algorithm:first-applicable"
	PolicySetId="http://axiomatics.com/alfa/identifier/manage.teacher"
	Version="1.0"
	xmlns:xacml3="urn:oasis:names:tc:xacml:3.0:core:schema:wd-17">
	<xacml3:Description />
	<xacml3:PolicySetDefaults>
		<xacml3:XPathVersion>http://www.w3.org/TR/1999/REC-xpath-19991116
		</xacml3:XPathVersion>
	</xacml3:PolicySetDefaults>
	<xacml3:Target>
		<xacml3:AnyOf>
			<xacml3:AllOf>
				<xacml3:Match
					MatchId="urn:oasis:names:tc:xacml:1.0:function:string-equal">
					<xacml3:AttributeValue
						DataType="http://www.w3.org/2001/XMLSchema#string">AccessControl.Student_data_layer.idStu
					</xacml3:AttributeValue>
					<xacml3:AttributeDesignator
						AttributeId="resource-student"
						Category="urn:oasis:names:tc:xacml:1.0:subject-category:access-subject"
						DataType="http://www.w3.org/2001/XMLSchema#string"
						MustBePresent="false" />
				</xacml3:Match>
			</xacml3:AllOf>
			<xacml3:AllOf>
				<xacml3:Match
					MatchId="urn:oasis:names:tc:xacml:1.0:function:string-equal">
					<xacml3:AttributeValue
						DataType="http://www.w3.org/2001/XMLSchema#string">AccessControl.Lecturer_data_layer.idLec
					</xacml3:AttributeValue>
					<xacml3:AttributeDesignator
						AttributeId="resource-lecturer"
						Category="urn:oasis:names:tc:xacml:1.0:subject-category:access-subject"
						DataType="http://www.w3.org/2001/XMLSchema#string"
						MustBePresent="false" />
				</xacml3:Match>
			</xacml3:AllOf>
			<xacml3:AllOf>
				<xacml3:Match
					MatchId="urn:oasis:names:tc:xacml:1.0:function:string-equal">
					<xacml3:AttributeValue
						DataType="http://www.w3.org/2001/XMLSchema#string">AccessControl.Classes_data_layer.idClasses
					</xacml3:AttributeValue>
					<xacml3:AttributeDesignator
						AttributeId="resource-classes"
						Category="urn:oasis:names:tc:xacml:1.0:subject-category:access-subject"
						DataType="http://www.w3.org/2001/XMLSchema#string"
						MustBePresent="false" />
				</xacml3:Match>
			</xacml3:AllOf>
		</xacml3:AnyOf>
	</xacml3:Target>
	<xacml3:Policy
		PolicyId="http://axiomatics.com/alfa/identifier/manage.teacher.trueteacher"
		RuleCombiningAlgId="urn:oasis:names:tc:xacml:1.0:rule-combining-algorithm:first-applicable"
		Version="1.0">
		<xacml3:Description />
		<xacml3:PolicyDefaults>
			<xacml3:XPathVersion>http://www.w3.org/TR/1999/REC-xpath-19991116
			</xacml3:XPathVersion>
		</xacml3:PolicyDefaults>
		<xacml3:Target>
			<xacml3:AnyOf>
				<xacml3:AllOf>
					<xacml3:Match
						MatchId="urn:oasis:names:tc:xacml:1.0:function:string-equal">
						<xacml3:AttributeValue
							DataType="http://www.w3.org/2001/XMLSchema#string">teacher</xacml3:AttributeValue>
						<xacml3:AttributeDesignator
							AttributeId="role"
							Category="urn:oasis:names:tc:xacml:1.0:subject-category:access-subject"
							DataType="http://www.w3.org/2001/XMLSchema#string"
							MustBePresent="false" />
					</xacml3:Match>
					<xacml3:Match
						MatchId="urn:oasis:names:tc:xacml:1.0:function:string-equal">
						<xacml3:AttributeValue
							DataType="http://www.w3.org/2001/XMLSchema#string">read</xacml3:AttributeValue>
						<xacml3:AttributeDesignator
							AttributeId="urn:oasis:names:tc:xacml:1.0:action:action-id"
							Category="urn:oasis:names:tc:xacml:1.0:subject-category:access-subject"
							DataType="http://www.w3.org/2001/XMLSchema#string"
							MustBePresent="false" />
					</xacml3:Match>
				</xacml3:AllOf>
			</xacml3:AnyOf>
		</xacml3:Target>
		<xacml3:Rule Effect="Permit"
			RuleId="manage.teacher.trueteacher.trueTeacher">
			<xacml3:Description />
			<xacml3:Target />
		</xacml3:Rule>
	</xacml3:Policy>
	<xacml3:Policy
		PolicyId="http://axiomatics.com/alfa/identifier/manage.teacher.trueadmin"
		RuleCombiningAlgId="urn:oasis:names:tc:xacml:1.0:rule-combining-algorithm:first-applicable"
		Version="1.0">
		<xacml3:Description />
		<xacml3:PolicyDefaults>
			<xacml3:XPathVersion>http://www.w3.org/TR/1999/REC-xpath-19991116
			</xacml3:XPathVersion>
		</xacml3:PolicyDefaults>
		<xacml3:Target>
			<xacml3:AnyOf>
				<xacml3:AllOf>
					<xacml3:Match
						MatchId="urn:oasis:names:tc:xacml:1.0:function:string-equal">
						<xacml3:AttributeValue
							DataType="http://www.w3.org/2001/XMLSchema#string">admin</xacml3:AttributeValue>
						<xacml3:AttributeDesignator
							AttributeId="role"
							Category="urn:oasis:names:tc:xacml:1.0:subject-category:access-subject"
							DataType="http://www.w3.org/2001/XMLSchema#string"
							MustBePresent="false" />
					</xacml3:Match>
					<xacml3:Match
						MatchId="urn:oasis:names:tc:xacml:1.0:function:string-equal">
						<xacml3:AttributeValue
							DataType="http://www.w3.org/2001/XMLSchema#string">read</xacml3:AttributeValue>
						<xacml3:AttributeDesignator
							AttributeId="urn:oasis:names:tc:xacml:1.0:action:action-id"
							Category="urn:oasis:names:tc:xacml:1.0:subject-category:access-subject"
							DataType="http://www.w3.org/2001/XMLSchema#string"
							MustBePresent="false" />
					</xacml3:Match>
				</xacml3:AllOf>
				<xacml3:AllOf>
					<xacml3:Match
						MatchId="urn:oasis:names:tc:xacml:1.0:function:string-equal">
						<xacml3:AttributeValue
							DataType="http://www.w3.org/2001/XMLSchema#string">write</xacml3:AttributeValue>
						<xacml3:AttributeDesignator
							AttributeId="urn:oasis:names:tc:xacml:1.0:action:action-id"
							Category="urn:oasis:names:tc:xacml:1.0:subject-category:access-subject"
							DataType="http://www.w3.org/2001/XMLSchema#string"
							MustBePresent="false" />
					</xacml3:Match>
				</xacml3:AllOf>
			</xacml3:AnyOf>
		</xacml3:Target>
		<xacml3:Rule Effect="Permit"
			RuleId="manage.teacher.trueadmin.trueadmin">
			<xacml3:Description />
			<xacml3:Target />
		</xacml3:Rule>
	</xacml3:Policy>
	<xacml3:Policy
		PolicyId="http://axiomatics.com/alfa/identifier/manage.teacher.truestudent"
		RuleCombiningAlgId="urn:oasis:names:tc:xacml:1.0:rule-combining-algorithm:first-applicable"
		Version="1.0">
		<xacml3:Description />
		<xacml3:PolicyDefaults>
			<xacml3:XPathVersion>http://www.w3.org/TR/1999/REC-xpath-19991116
			</xacml3:XPathVersion>
		</xacml3:PolicyDefaults>
		<xacml3:Target>
			<xacml3:AnyOf>
				<xacml3:AllOf>
					<xacml3:Match
						MatchId="urn:oasis:names:tc:xacml:1.0:function:string-equal">
						<xacml3:AttributeValue
							DataType="http://www.w3.org/2001/XMLSchema#string">student</xacml3:AttributeValue>
						<xacml3:AttributeDesignator
							AttributeId="role"
							Category="urn:oasis:names:tc:xacml:1.0:subject-category:access-subject"
							DataType="http://www.w3.org/2001/XMLSchema#string"
							MustBePresent="false" />
					</xacml3:Match>
					<xacml3:Match
						MatchId="urn:oasis:names:tc:xacml:1.0:function:string-equal">
						<xacml3:AttributeValue
							DataType="http://www.w3.org/2001/XMLSchema#string">read</xacml3:AttributeValue>
						<xacml3:AttributeDesignator
							AttributeId="urn:oasis:names:tc:xacml:1.0:action:action-id"
							Category="urn:oasis:names:tc:xacml:1.0:subject-category:access-subject"
							DataType="http://www.w3.org/2001/XMLSchema#string"
							MustBePresent="false" />
					</xacml3:Match>
				</xacml3:AllOf>
			</xacml3:AnyOf>
		</xacml3:Target>
		<xacml3:Rule Effect="Permit"
			RuleId="manage.teacher.truestudent.truestudent">
			<xacml3:Description />
			<xacml3:Target />
		</xacml3:Rule>
	</xacml3:Policy>
</xacml3:PolicySet>