<?xml version="1.0" encoding="UTF-8" standalone="yes"?>
<Request xmlns="urn:oasis:names:tc:xacml:3.0:core:schema:wd-17" ReturnPolicyIdList="true" CombinedDecision="false">
    <Attributes Category="urn:oasis:names:tc:xacml:1.0:subject-category:access-subject">
        <Attribute AttributeId="user-id" IncludeInResult="false">
            <AttributeValue DataType="http://www.w3.org/2001/XMLSchema#string">Insurance-ABC</AttributeValue>
        </Attribute>
        <Attribute AttributeId="role" IncludeInResult="false">
            <AttributeValue DataType="http://www.w3.org/2001/XMLSchema#string">External</AttributeValue>
        </Attribute>
    </Attributes>
    <Attributes Category="urn:oasis:names:tc:xacml:3.0:attribute-category:resource">
        <Attribute AttributeId="resource-type" IncludeInResult="false">
            <AttributeValue DataType="http://www.w3.org/2001/XMLSchema#string">Patient.Record</AttributeValue>
        </Attribute>
        <Attribute AttributeId="action-type" IncludeInResult="false">
            <AttributeValue DataType="http://www.w3.org/2001/XMLSchema#string">Read</AttributeValue>
        </Attribute>
    </Attributes>
</Request>